code,name
1,"Руководители (представители) органов власти и управления всех уровней, включая руководителей учреждений, организаций и предприятий"
11,Руководители (представители) органов власти и управления
111,Руководители (представители) органов законодательной власти и правительства
1110,Руководители (представители) органов законодательной власти и правительства
112,Руководители и старшие должностные лица государственных органов управления и представительств
1120,Руководители и старшие должностные лица государственных органов управления и представительств
113,Руководители органов местного самоуправления
1130,Руководители органов местного самоуправления
114,Руководители общественных объединений
1141,Руководители политических партий и организаций
1142,"Руководители организаций предпринимателей, профессиональных союзов и других общественно-экономических организаций"
1143,Руководители гуманитарных и других специальных организаций
12,"Руководители учреждений, организаций и предприятий и их структурных подразделений (служб)"
121,"Руководители учреждений, организаций и предприятий"
1210,"Руководители учреждений, организаций и предприятий"
122,Руководители специализированных (производственно-эксплуатационных) подразделений (служб)
1221,"Руководители специализированных (производственно-эксплуатационных) подразделений (служб) в сельском, охотничьем, лесном и рыбном хозяйстве"
1222,Руководители специализированных (производственно-эксплуатационных) подразделений (служб) в промышленности
1223,Руководители специализированных (производственно-эксплуатационных) подразделений (служб) в строительстве
1224,Руководители специализированных (производственно-эксплуатационных) подразделений (служб) в торговле
1225,Руководители специализированных (производственно-эксплуатационных) подразделений (служб) предприятий общественного питания и гостиниц
1226,"Руководители специализированных (производственно-эксплуатационных) подразделений (служб) в организациях и на предприятиях транспорта и связи, в материально-техническом снабжении и сбыте"
1227,"Руководители специализированных подразделений (служб) в учреждениях, организациях и на предприятиях, осуществляющих общую коммерческую деятельность, операции с недвижимостью и другие коммерческие услуги"
1228,"Руководители специализированных подразделений (служб) в учреждениях, организациях и на предприятиях сферы социально-бытового обслуживания населения"
1229,"Руководители специализированных (производственно- эксплуатационных) подразделений (служб), не вошедшие в другие группы"
123,Руководители функциональных и других подразделений и служб
1231,Руководители финансово-экономических и административных подразделений (служб)
1232,Руководители подразделений (служб) управления кадрами и трудовыми отношениями
1233,Руководители подразделений (служб) по маркетингу и сбыту продукции
1234,Руководители рекламно-информационных подразделений (служб)
1235,Руководители подразделений (служб) материально-технического снабжения
1236,Руководители подразделений (служб) компьютерного обеспечения
1237,Руководители подразделений (служб) научно-технического развития
1239,"Руководители подразделений (служб), не вошедшие в другие группы"
13,"Руководители малых учреждений, организаций и предприятий"
131,"Руководители малых учреждений, организаций и предприятий"
1311,"Руководители малых учреждений, организаций и предприятий в сельском, охотничьем, лесном и рыбном хозяйстве"
1312,Руководители малых промышленных организаций и предприятий
1313,"Руководители малых строительных учреждений, организаций и предприятий"
1314,"Руководители малых учреждений, организаций и предприятий торговли"
1315,"Руководители малых предприятий общественного питания, ресторанов и гостиниц"
3242,Целители
1316,"Руководители малых организаций, предприятий транспорта и связи, материально-технического снабжения и сбыта"
1317,"Руководители малых учреждений, организаций и предприятий, осуществляющих общую коммерческую деятельность, операции с недвижимостью и другие коммерческие услуги"
1318,"Руководители малых учреждений, организаций и предприятий сферы социально-бытового обслуживания населения"
1319,"Руководители малых учреждений, организаций и предприятий, не вошедшие в другие группы"
2,Специалисты высшего уровня квалификации
21,Специалисты в области естественных и инженерных наук
211,"Физики, химики и специалисты родственных профессий"
2111,Физики и астрономы
2112,Метеорологи
2113,Химики
2114,Геологи и геофизики
212,"Математики, статистики и специалисты родственных профессий"
2121,Математики и специалисты родственных профессий
2122,Статистики
2123,Специалисты по стандартизации и метрологии
213,Специалисты по компьютерам
2131,Разработчики и аналитики компьютерных систем
2132,Программисты
2139,"Специалисты по компьютерам, не вошедшие в другие группы"
214,"Архитекторы, инженеры и специалисты родственных профессий"
2141,Архитекторы и инженеры по транспортному и городскому строительству
2142,Инженеры по промышленному и гражданскому строительству
2143,Инженеры-электрики и инженеры-энергетики
2144,"Инженеры-электроники, инженеры по связи и приборостроению"
2145,Инженеры-механики и технологи машиностроения
2146,"Химики-технологи, технологи топлива, изделий текстильной и легкой промышленности, продуктов питания"
2147,Горные инженеры и металлурги
2148,"Геодезисты, картографы и топографы"
2149,"Архитекторы, инженеры и специалисты родственных профессий, не вошедшие в другие группы"
22,"Специалисты в области биологических, сельскохозяйственных наук и здравоохранения"
221,Специалисты в области биологических и сельскохозяйственных наук
2211,"Биологи, ботаники, зоологи и специалисты родственных профессий"
2212,"Бактериологи, фармакологи и специалисты родственных профессий"
2213,Агрономы и специалисты родственных профессий
222,Специалисты в здравоохранении (кроме медицинских сестер)
2221,Врачи
2222,Стоматологи
2223,Ветеринары
2224,Фармацевты
2229,"Специалисты-медики (кроме медсестер), не вошедшие в другие группы"
223,Медицинские сестры
23,Специалисты в области образования
231,"Преподаватели колледжей, университетов и других вузов"
2310,"Преподаватели колледжей, университетов и других вузов"
232,Преподаватели в средней школе
2320,Преподаватели в средней школе
233,Преподаватели в начальной школе и дошкольном образовании
234,Преподаватели в системе специального образования
2340,Преподаватели в системе специального образования
235,Прочие специалисты в области образования
2351,Специалисты по методике обучения и воспитательной работы
2352,Инспекторы в образовании
2359,"Специалисты по обучению, не вошедшие в другие группы"
24,Прочие специалисты высшего уровня квалификации
241,Специалисты по предпринимательской деятельности и кадрам
2411,Бухгалтеры и специалисты по финансам и кредиту
2412,Специалисты по кадрам и профориентации
2413,Специалисты по коммерческой деятельности
2419,"Специалисты по предпринимательской деятельности и кадрам, не вошедшие в другие группы"
242,Специалисты в области права
2421,Юристы
2422,Судьи
2429,"Специалисты в области права, не вошедшие в другие группы"
243,Специалисты в области информации и родственных профессий
324,Целители и практики нетрадиционной медицины
2431,"Архивоведы, хранители музеев и специалисты родственных профессий"
2432,"Библиотекари, библиографы, документоведы и специалисты родственных профессий"
244,Специалисты в области общественных и родственных наук
2441,Экономисты
2442,Социологи и специалисты родственных профессий
2443,"Философы, историки и политологи"
2444,Филологи и переводчики
2445,Психологи
2446,Специалисты в сфере социальных проблем
245,Деятели литературы и искусства
2451,Журналисты и литературные работники
2452,"Скульпторы, художники и родственные им деятели искусства"
2453,"Композиторы, музыканты и певцы"
2454,Хореографы и танцоры
2455,"Актеры и режиссеры театра, кино и др."
246,Религиозные деятели
2460,Религиозные деятели
3,Специалисты среднего уровня квалификации
31,Специалисты среднего уровня квалификации физических и инженерных направлений деятельности
311,Техники физических и инженерных направлений деятельности
3111,Техники в области химических и физических научных исследований и их практического применения
3112,Техники по промышленному и гражданскому строительству
3113,Техники-электрики
3114,Техники-электроники и техники по телекоммуникациям
3115,Техники-механики
3116,"Техники-химики, занятые в производстве"
3117,Техники в добывающих и металлургических отраслях
3118,Чертежники
3119,"Техники физических и инженерных направлений деятельности, не вошедшие в другие группы"
312,Техники и операторы по обслуживанию ЭВМ и различных компьютерных устройств
3121,Техники и операторы по обслуживанию ЭВМ
3122,Техники и операторы по обслуживанию компьютерных устройств
3123,Техники и операторы по обслуживанию промышленных роботов
313,Техники и операторы оптического и электронного оборудования
3131,"Фотографы, техники и операторы аппаратуры для записи изображения и звука"
3132,"Техники и операторы аппаратуры для радио-, телевещания и телесвязи"
3133,Техники по обслуживанию медицинского оборудования
3134,"Техники и операторы оптического и электронного оборудования, не вошедшие в другие группы"
314,Контролеры и специалисты-техники по эксплуатации транспортных средств
3141,Судовые механики
3142,Капитаны и лоцманы
3143,Пилоты самолетов и специалисты родственных профессий
3144,Авиационные диспетчеры
3145,Техники по безопасности движения самолетов
3146,Диспетчеры (кроме авиационных)
315,"Инспекторы по строительству и безопасности (пожарной, транспортных средств, производственных процессов и продукции)"
3151,Строительные и пожарные инспекторы
3152,"Инспекторы по безопасности, здравоохранению и качеству (транспортных средств, производственных процессов и продукции)"
32,Специалисты среднего уровня квалификации и вспомогательный персонал естественных наук и здравоохранения
321,Специалисты среднего уровня квалификации в области естественных наук
3211,Специалисты естественных наук
3212,Специалисты по агрономии и лесному хозяйству
3213,Консультанты по сельскому и лесному хозяйству
322,Средний медицинский персонал (исключая медицинский уход)
3221,Фельдшеры
3222,Гигиенисты и специалисты по санитарии
3223,Диетологи и специалисты по рациональному питанию
3224,Оптики и оптометристы
3225,Фельдшеры- и техники-стоматологи
3226,Физиотерапевты
3227,Фельдшеры- и техники-ветеринары
3228,Фармацевты
3229,"Средний медицинский персонал (исключая медицинский уход), не вошедший в другие группы"
323,Медицинский персонал по уходу и акушерству
3231,Медицинский персонал по уходу
3232,Акушеры
3241,Практики нетрадиционной медицины
33,Специалисты среднего уровня квалификации в сфере образования
331,Преподавательский персонал начального образования
3310,Преподавательский персонал начального образования
332,Персонал дошкольного воспитания и обучения
3320,Персонал дошкольного воспитания и обучения
333,Преподавательский персонал специального обучения
3330,Преподавательский персонал специального обучения
334,Преподавательский персонал по обучению управлению средствами передвижения
3340,Преподавательский персонал по обучению управлению средствами передвижения
34,"Средний персонал в области финансово-экономической, административной и социальной деятельности"
341,Средний персонал в области финансовой и торговой деятельности
3411,Дилеры и брокеры
3412,Страховые агенты
3413,Агенты по продаже имущества
3414,Организаторы путешествий
3415,Агенты по продаже
3416,Агенты по закупкам
3417,Оценщики
3418,Аукционисты
3419,"Прочий персонал в области финансовой и торговой деятельности, не вошедший в другие группы"
342,Средний персонал торгово-коммерческой деятельности и услуг
3421,Торговые брокеры
3422,Торгово-коммерческие агенты и экспедиторы
3423,Специалисты кадровых служб и учреждений занятости
3429,"Прочий торгово-коммерческий персонал, не вошедший в другие группы"
343,Средний административно-управленческий персонал
3431,Административно-управленческий персонал
3432,Средний юридический персонал
3433,Бухгалтеры
3434,Средний информационно-статистический персонал
3439,"Прочий средний административно - управленческий персонал, не вошедший в другие группы"
344,Средний персонал государственных служб
3441,Таможенные и пограничные инспекторы
3442,Государственные налоговые служащие
3443,Государственные служащие по социальному и пенсионному обеспечению
3444,Государственные служащие по лицензиям
3449,"Прочий средний персонал государственных служб, не вошедший в другие группы"
345,"Средний персонал правоохранительных органов, органов защиты общественного порядка и детективы"
3450,"Работники милиции и других правоохранительных органов, детективы"
346,Социальные работники
3460,Социальные работники
347,"Персонал сферы искусства, развлечений и спорта"
3471,Дизайнеры
3472,Дикторы радио- и телевидения
3473,"Музыканты, певцы и танцоры"
3474,Артисты цирка
3475,Спортсмены
348,Персонал культовых учреждений
3480,"Персонал культовых учреждений, не имеющий духовного сана"
4,"Служащие, занятые подготовкой информации, оформлением документации, учетом и обслуживанием"
41,"Служащие, занятые подготовкой информации, оформлением документации и учетом"
411,"Секретари, операторы счетных (вычислительных) машин и родственные профессии"
4111,Стенографистки и машинистки
4112,"Операторы, использующие специальное оборудование для подготовки и передачи информации"
4113,"Операторы электронно-вычислительных машин, занятые вводом различной информации"
4114,Операторы вычислительных машин
4115,Секретари
412,"Служащие, занятые расчетно-счетными операциями"
4121,"Служащие, занятые бухгалтерскими операциями и учетом"
4122,"Служащие, занятые обработкой статистической и финансовой информации"
413,"Служащие, занятые учетом материалов и транспорта"
4131,"Работники, занятые учетом, приемом и выдачей товаров"
4132,"Служащие, занятые диспетчеризацией производства"
4133,"Служащие, занятые учетом на транспорте"
414,"Служащие библиотек, почтовых и других служб"
4141,Служащие библиотек и занятые картотеками
4142,Разносчики и сортировщики почты
4143,"Кодировщики, корректоры и родственные профессии"
419,"Другие служащие, занятые подготовкой информации, оформлением документации и учетом"
4190,"Другие служащие, занятые подготовкой информации, оформлением документации и учетом"
42,Служащие сферы обслуживания
421,Кассиры и родственные профессии
4211,"Кассиры, включая билетных кассиров"
4212,Кассиры банков и родственные профессии
4213,Букмекеры и крупье
4214,Агенты по залогу вещей и выдаче займов в долг
4215,"Работники по получению платежей по счетам, просроченных и других наличных сумм"
422,"Служащие, занятые информированием клиентов и населения"
4221,Служащие бюро путешествий (туристических и транспортных агентств)
4222,"Служащие, занятые приемом и информированием посетителей"
4223,Телефонисты
4224,"Служащие, занятые хозяйственным обслуживанием"
5,"Работники сферы обслуживания, жилищно-коммунального хозяйства, торговли и родственных видов деятельности"
51,Работники сферы индивидуальных услуг и защиты граждан и собственности
511,"Работники бюро путешествий, общественного транспорта и работники родственных профессий"
5111,"Проводники железнодорожного вагона, бортпроводники, стюарды"
5112,Кондукторы общественного транспорта
5113,Гиды
512,Работники предприятий общественного питания
5121,Помощники по ведению домашнего хозяйства
5122,Повара
5123,"Официанты, бармены и буфетчики"
513,"Работники, оказывающие услуги по уходу за детьми, больными, инвалидами, престарелыми и т.д."
5131,Работники по уходу за детьми
5132,"Работники, оказывающие индивидуальные услуги пациентам лечебных учреждений"
5133,"Работники, оказывающие индивидуальные услуги на дому"
5139,"Работники, оказывающие индивидуальные услуги, и работники родственных профессий, не вошедшие в другие группы"
514,"Другие работники, оказывающие индивидуальные услуги"
5141,"Женские и мужские парикмахеры, косметики и работники родственных профессий"
5142,Компаньоны и слуги
5143,Работники ритуальных услуг
5144,"Работники, занятые в химической чистке и крашении"
5145,Работники прачечных
5146,"Работники, занятые индивидуальным пошивом и ремонтом одежды и обуви"
5147,"Работники по ремонту квартир, мебели, электробытовых приборов, теле- и радиоаппаратуры, часов и др."
5148,Работники фотостудий
5149,"Работники, оказывающие индивидуальные услуги, не вошедшие в другие группы"
515,"Астрологи, гадалки и работники родственных профессий"
5150,"Астрологи, гадалки и работники родственных профессий"
516,"Работники служб, осуществляющих защиту граждан и собственности"
5161,Пожарные
5162,Работники милиции
5163,Тюремные охранники
5169,"Другие работники служб, осуществляющих защиту граждан и собственности, не учтенные в предыдущих группах"
52,"Продавцы, демонстраторы товаров, натурщики и демонстраторы одежды"
521,Продавцы магазинов и демонстраторы товаров
5210,Продавцы магазинов и демонстраторы товаров
522,Продавцы палаток и рынков
5220,Продавцы палаток и рынков
523,Манекенщики и другие живые модели
5230,Манекенщики и другие живые модели
53,Рабочие жилищно-коммунального хозяйства
531,"Рабочие газового хозяйства городов, поселков и населенных пунктов"
5310,"Рабочие газового хозяйства городов, поселков и населенных пунктов"
532,Рабочие водопроводно-канализационного хозяйства
5320,Рабочие водопроводно-канализационного хозяйства
533,Рабочие зеленого хозяйства
5330,Рабочие зеленого хозяйства
534,"Рабочие, осуществляющие энергонадзор"
5340,"Рабочие, осуществляющие энергонадзор"
54,Рабочие кино- и телестудий
541,Рабочие кино- и телестудий
5410,Рабочие кино- и телестудий
55,"Рабочие, занятые на рекламно-оформительских и реставрационных работах"
551,"Рабочие, занятые на рекламно-оформительских работах"
5510,"Рабочие, занятые на рекламно-оформительских работах"
552,"Рабочие, занятые на реставрационных работах"
5520,"Рабочие, занятые на реставрационных работах"
6,"Квалифицированные работники сельского, лесного, охотничьего хозяйств, рыбоводства и рыболовства"
61,"Квалифицированные работники товарного сельскохозяйственного производства, лесного, охотничьего хозяйств, рыбоводства и рыболовства, имеющие рыночную ориентацию"
611,"Товарные производители огородных, плодовых и полевых культур рыночной ориентации"
6111,Полеводы и овощеводы
6112,"Садоводы по выращиванию культур, произрастающих на деревьях и кустарниках"
6113,"Садовники, садоводы и другие работники плодопитомников"
6114,Производители смешанной сельскохозяйственной продукции
612,Товарные производители продукции животноводства рыночной ориентации
6121,Работники (фермеры) по производству молочной и животноводческой продукции
6122,Работники (фермеры) по производству домашней птицы
6123,Работники (фермеры) по производству пчел и шелковичных червей
6124,Производители смешанной животноводческой продукции
6129,"Производители продуктов животноводства, не вошедшие в другие группы"
613,Товарные производители сельскохозяйственных культур и животноводы рыночной ориентации
6130,Товарные производители сельскохозяйственных культур и животноводы рыночной ориентации
614,"Работники лесного хозяйства, лесозаготовители и работники родственных профессий рыночной ориентации"
6142,Выжигальщики древесного угля и рабочие родственных профессий
615,"Работники рыбоводства и рыболовства, охотники- стрелки и охотники-трапперы (капканщики) рыночной ориентации"
6151,Мариводы
6152,"Работники, занятые рыболовством во внутренних водоемах и прибрежным ловом"
6153,"Работники, занятые рыболовством в глубоководной зоне"
6154,Охотники-стрелки и охотники-трапперы (капканщики)
62,"Квалифицированные работники сельскохозяйственного производства, лесного, охотничьего хозяйств, рыбоводства и рыболовства, производящие продукцию для личного потребления"
621,"Квалифицированные работники сельскохозяйственного производства, лесного, охотничьего хозяйств, рыбоводства и рыболовства, производящие продукцию для личного потребления"
6210,"Квалифицированные работники сельскохозяйственного производства, лесного, охотничьего хозяйств, рыбоводства и рыболовства, производящие продукцию для личного потребления"
7,"Квалифицированные рабочие крупных и мелких промышленных предприятий, художественных промыслов, строительства, транспорта, связи, геологии и разведки недр"
71,"Рабочие, занятые на горных, горнокапитальных и на строительно-монтажных и ремонтно-строительных работах"
711,"Горнорабочие и рабочие других профессий по добыче полезных ископаемых подземным и открытым способами, взрывники, камнетесы, обработчики камня и родственные профессии"
7111,Горнорабочие и рабочие других профессий по добыче полезных ископаемых подземным и открытым способами
7112,Взрывники
7113,Камнетесы и обработчики камня
712,Строители-монтажники и родственные профессии
7121,"Строители, использующие традиционные материалы для возведения зданий и сооружений"
7122,Каменщики (по кирпичу и камню) и плиточники
7123,"Бетоноукладчики, бетоноотделочники и мозаичники по бетону типа ""терраццо"""
7124,"Плотники и столяры, кровельщики"
7129,"Строители-монтажники и рабочие родственных профессий, не вошедшие в другие группы"
713,Рабочие-отделочники на строительных и ремонтно- строительных работах и родственные профессии
7131,Кровельщики
7132,Паркетчики и настильщики полов
7133,Штукатуры
7134,Укладчики тепло- и акустической изоляции
7135,Стекольщики
7136,Монтажники и слесари санитарно-технического оборудования и слесари-трубопроводчики
7137,"Слесари и электрослесари строительные, электромонтажники и родственные профессии"
7138,"Маляры, рабочие по очистке поверхностей зданий и сооружений и родственные профессии"
714,"Маляры, рабочие по очистке поверхностей зданий и сооружений и родственные профессии"
715,"Рабочие, занятые на строительстве шахт (рудников) и карьеров (разрезов), метрополитенов, тоннелей и подземных сооружений специального назначения"
7150,"Рабочие, занятые на строительстве шахт (рудников) и карьеров (разрезов), метрополитенов, тоннелей и подземных сооружений специального назначения"
72,Рабочие металлообрабатывающей и машиностроительной промышленности
721,"Формовщики, сварщики, кузнецы, вальцовщики, подготовители конструкционного металла и рабочие родственных профессий"
7211,Формовщики и стерженщики
7212,Сварщики и газорезчики
7213,Вальцовщики
7214,Подготовители конструкционного металла и слесари-монтажники
7215,Такелажники
7216,Водолазы
7217,"Кузнецы, кузнецы на молотах и прессах"
722,"Слесари-инструментальщики, станочники, наладчики и рабочие родственных профессий"
7221,"Кузнецы, кузнецы на молотах и прессах"
7222,"Слесари-инструментальщики, заточники инструмента, модельщики по металлическим моделям и разметчики по металлу"
7223,"Станочники на металлообрабатывающих станках, наладчики станков и оборудования"
7224,"Шлифовщики, полировщики и другие родственные профессии"
723,"Механики по оборудованию, слесари-сборщики и слесари - ремонтники"
7231,Слесари-сборщики и слесари-ремонтники мототранспортных средств
7232,"Слесари-механики, слесари-сборщики и слесари- ремонтники летательных аппаратов и судов"
7233,"Слесари-механики, слесари-сборщики и слесари- ремонтники промышленного оборудования"
724,"Слесари-сборщики электрических, электромеханических и радиоэлектронных приборов"
7241,Слесари-сборщики электрических и электромеханических приборов
7242,Слесари-сборщики радиоэлектронных приборов
7243,Слесари по ремонту телевизоров и радиоприемников
7244,Монтеры по установке телеграфного и телефонного оборудования
7245,"Монтажники линий электропередач, ремонтники и кабельщики-спайщики"
725,"Рабочие, занятые на эмалировании, металлопокрытиях и окраске"
7250,"Рабочие, занятые на эмалировании, металлопокрытиях и окраске"
726,"Рабочие, занятые в оптико-механическом производстве и в спецпроизводствах"
7260,"Рабочие, занятые в оптико-механическом производстве и в спецпроизводствах"
727,"Рабочие, занятые в производстве абразивов, синтетических алмазов, сверхтвердых материалов и изделий из них и природных алмазов"
7270,"Рабочие, занятые в производстве абразивов, синтетических алмазов, сверхтвердых материалов и изделий из них и природных алмазов"
728,"Рабочие, занятые в других производствах машиностроительной и металлообрабатывающей промышленности"
7280,"Рабочие, занятые в других производствах машиностроительной и металлообрабатывающей промышленности"
73,"Рабочие, занятые изготовлением прецизионных инструментов и приборов, рабочие художественных промыслов и других видов производств в художественной промышленности, рабочие полиграфического производства"
731,"Рабочие, выполняющие прецизионные работы по металлу и другим материалам"
7311,"Рабочие, занятые изготовлением и ремонтом прецизионных инструментов и приборов"
7312,"Изготовители, настройщики и реставраторы музыкальных инструментов"
7313,"Рабочие, занятые изготовлением и реставрацией ювелирных украшений из драгоценных металлов и камней, а также изготовлением высокохудожественных изделий в традициях народных художественных промыслов (лаковая миниатюра, художественная роспись по металлу и керамике)"
732,"Гончары, прессовщики и формовщики изделий из керамики, фарфора, стекла и других материалов и рабочие родственных профессий"
7321,"Гончары, формовщики и прессовщики фарфоровых и абразивных изделий"
7322,"Формовщики, прессовщики, шлифовщики и полировщики стекла, стеклодувы"
7323,Граверы и травильщики стекла плавиковой кислотой
7324,"Разрисовщики по стеклу, керамике, художники декоративной росписи, художники-оформители и родственные профессии"
733,"Рабочие художественных промыслов и других видов производств в художественной промышленности, занятые изготовлением и реставрацией изделий из металла, дерева, текстиля, кожи и других материалов"
7331,"Изготовители и реставраторы художественных изделий из дерева, капо-корня, бересты и подобных материалов"
7332,"Изготовители и реставраторы художественных изделий из текстиля, кожи, меха и подобных материалов"
7333,Изготовители и реставраторы художественных изделий из металла (кроме драгоценного)
7334,"Изготовители и реставраторы художественных изделий из кости, рога, янтаря и подобных материалов"
7335,"Изготовители и реставраторы изделий из естественных камней (гранита, мрамора и т.п.) в скульптурном производстве"
734,Рабочие полиграфического производства
7341,Наборщики и печатники
7342,Электротиперы и стереотиперы
7343,Граверы и травильщики печатных форм
7344,Переплетчики и рабочие родственных профессий
7345,"Рабочие по шелкографии, металлографии и трафаретчики по тканям"
74,Другие профессии квалифицированных рабочих крупных и мелких промышленных предприятий
741,Профессии рабочих пищевой промышленности
7411,"Профессии рабочих мясной, рыбной и консервной промышленности"
7412,"Профессии рабочих хлебопекарно-макаронного производства, кондитерского производства и производства сахара"
7413,Дегустаторы продуктов питания и напитков и определители сортности
7414,Профессии рабочих табачно-махорочного и ферментационного производства
7415,Профессии рабочих алкогольного и безалкогольного производства
7416,"Профессии рабочих маслодельного, сыродельного и молочного производства"
742,Профессии рабочих деревообрабатывающей промышленности
7421,Профессии рабочих по первоначальной обработке древесины
7422,Краснодеревщики и рабочие родственных профессий
7423,Наладчики деревообрабатывающего оборудования
7424,"Плетельщики корзин, мебели и рабочие родственных профессий"
743,Профессии рабочих текстильной промышленности
7431,"Рабочие, занятые изготовлением волокна в хлопчатобумажном, льняном, шелкомотальном, шерстяном, пенькоджутовом производствах и в производстве ваты"
7432,"Ткачи, вязальщики и другие рабочие ручного труда в текстильной промышленности"
7433,Мужские и женские портные и шляпники
7434,Мастера по изготовлению меховой одежды и рабочие родственных профессий
7435,"Изготовители лекал и изделий из текстиля, кожи и других материалов и закройщики"
7436,"Швеи, вышивальщицы и рабочие родственных профессий"
7437,Обойщики мебели и рабочие родственных профессий
7438,"Рабочие, занятые в сетевязальном производстве"
7439,"Рабочие, занятые в валяльно-войлочном производстве"
744,Профессии рабочих легкой промышленности (включая швейную)
7441,"Профессии рабочих, занятых в кожевенном, кожсырьевом и меховом производствах"
7442,"Профессии рабочих, занятых в производстве кожаной обуви и других изделий из кожи"
7443,Профессии рабочих швейной промышленности
745,Профессии рабочих промышленности строительных материалов
7450,Профессии рабочих промышленности строительных материалов
746,"Профессии рабочих, занятых в производстве игрушек и учебно-наглядных пособий"
7460,"Профессии рабочих, занятых в производстве игрушек и учебно-наглядных пособий"
75,Профессии рабочих транспорта и связи
751,Профессии рабочих транспорта
7511,Профессии рабочих по обслуживанию и ремонту путевых машин и механизмов железнодорожного транспорта
7512,Профессии рабочих по обслуживанию и ремонту оборудования метрополитенов
7513,Профессии рабочих по обслуживанию и ремонту автомототранспортных средств
7514,Профессии рабочих по обслуживанию и ремонту оборудования морских и речных судов
7515,Профессии рабочих по техническому обслуживанию и эксплуатации летательных аппаратов
752,Профессии рабочих связи
7521,"Телефонисты, телеграфисты и родственные профессии рабочих связи"
7522,Профессии рабочих по обслуживанию и ремонту линейных сооружений и станционного оборудования связи
76,"Профессии рабочих, занятых в геологии и разведке недр"
761,"Профессии рабочих, занятых на геологоразведочных работах"
7610,"Профессии рабочих, занятых на геологоразведочных работах"
762,"Профессии рабочих, занятых на топографо-геодезических работах"
7620,"Профессии рабочих, занятых на топографо-геодезических работах"
8,"Операторы, аппаратчики, машинисты установок и машин и слесари-сборщики"
81,"Операторы, аппаратчики и машинисты промышленных установок"
811,"Операторы, аппаратчики и машинисты горнодобывающих и горно-обогатительных установок"
8111,Операторы и машинисты горного оборудования
8112,"Операторы, аппаратчики и машинисты установок по обработке руды и камня"
8113,Бурильщики скважин и колодцев и родственные профессии
8114,Машинисты и аппаратчики оборудования по добыче и переработке торфа
812,"Операторы, аппаратчики, машинисты и другие профессии на металлоплавильных установках"
8121,"Операторы печей для плавки сырой руды, доменных печей, конвертеров и печей для рафинирования металла"
8122,"Аппаратчики, плавильщики, литейщики и прокатчики"
8123,Операторы и машинисты установок термической обработки металла и огнеупоров
8124,"Волочильщики, вальцовщики и операторы экструдингпрессов"
8125,"Другие родственные профессиональные группы, не отнесенные к предыдущим группам"
813,"Операторы установок и печей по производству и отжигу стекла и стеклоизделий и по производству и обжигу керамических, фарфоровых изделий, стеновых и вяжущих материалов"
8131,Операторы печей отжига стекла и стеклоизделий и обжига керамики
8132,Операторы установок по производству стекла и стеклоизделий
8133,Операторы установок по производству керамики и фарфора
8134,Операторы установок по производству и обжигу стеновых и вяжущих материалов
8139,"Операторы печей и установок, не вошедшие в другие группы"
814,"Операторы и аппаратчики установок по переработке и обработке древесины, производству целлюлозы, бумаги, картона, фибры и изделий из них"
8141,"Операторы лесопильных установок, установок по производству панелей, блоков, заготовок, строительных конструкций и операторы других установок"
8142,"Операторы и аппаратчики установок по приготовлению целлюлозы и бумажной массы и по производству бумаги, картона, фибры и изделий из них"
8143,Операторы бумагоделательных и картоноделательных машин
8144,Операторы и аппаратчики установок по производству костровых плит и изделий из древесины
815,"Аппаратчики, операторы и машинисты установок по переработке химического и нефтехимического сырья"
8151,"Аппаратчики, операторы и машинисты дробильных установок, мельниц и смесителей"
8152,"Операторы жаровен, аппаратчики обжигательных печей и аналогичных установок термической обработки"
8153,Аппаратчики (операторы) фильтровальных машин и сепараторов
8154,Аппаратчики (операторы) перегонных аппаратов и реакторов
8155,Операторы нефтеочистительных установок
8159,"Аппаратчики, операторы и машинисты установок по переработке химического и нефтехимического сырья, не вошедшие в другие группы"
816,"Операторы, аппаратчики и машинисты установок электростанций и сетей"
8161,Операторы и машинисты установок электростанций и сетей
8162,"Операторы и машинисты паровых турбин, котлов и двигателей"
8163,Аппаратчики и операторы установок по обработке воды и аналогичного оборудования
817,Операторы автоматических сборочных линий и промышленных роботов
8171,Операторы автоматических сборочных линий
8172,Операторы промышленных роботов
82,"Операторы, аппаратчики, машинисты и слесари- сборщики стационарного оборудования"
821,Операторы и машинисты оборудования по обработке металлов и переработке минерального сырья
8211,Операторы станков
8212,Операторы и машинисты оборудования по производству цемента и других неорганических материалов
822,"Операторы, машинисты, аппаратчики оборудования по производству химических продуктов"
8221,"Операторы, аппаратчики и машинисты оборудования по производству фармацевтической и парфюмерной продукции"
8222,Операторы и машинисты оборудования по производству боеприпасов и взрывчатых веществ
8223,Операторы установок металлизации и нанесения защитного слоя на металл
8224,"Операторы, аппаратчики и машинисты оборудования по производству фотобумаги и пленки"
8225,"Операторы, аппаратчики и машинисты оборудования азотного производства и производства продуктов органического синтеза"
8226,"Операторы, аппаратчики и машинисты оборудования анилино-красочного производства, производства полиграфических красок и лакокрасочного производства"
8227,"Операторы, аппаратчики и машинисты оборудования по производству полимерных строительных материалов, органического стекла и стекловолокна"
8228,"Операторы, аппаратчики и машинисты оборудования по производству химических волокон, стекловолокнистых материалов, стеклопластиков и гидролизного производства"
8229,"Операторы, аппаратчики и машинисты оборудования по производству химической продукции, не вошедшие в другие группы"
823,"Операторы, аппаратчики и машинисты оборудования по производству резины, пластических масс, синтетических смол, синтетических каучуков и др."
8231,"Операторы, аппаратчики и машинисты оборудования по производству резины"
8232,"Операторы, аппаратчики и машинисты оборудования по производству пластических масс и синтетических смол"
8233,"Операторы и машинисты оборудования по производству синтетических каучуков, жирозаменителей и продуктов нефтехимии"
8234,"Операторы, аппаратчики и машинисты оборудования по производству полимерных строительных материалов"
8235,Аппаратчики установок по производству органического стекла
824,Операторы деревообрабатывающего оборудования
825,Операторы и машинисты печатных и переплетных машин
8251,Операторы и машинисты печатных машин
8252,Операторы и машинисты переплетных машин
8253,Операторы бумагоделательных и картоноделательных машин
826,"Операторы, аппаратчики и машинисты оборудования по производству текстиля, кожи и меха и изделий из них"
8261,"Операторы и аппаратчики оборудования по приготовлению волокна, операторы прядильных и намоточных машин"
8262,Операторы ткацких и вязальных машин
8263,"Операторы и машинисты оборудования по пошиву текстильной, меховой и кожаной одежды и вышивке"
8264,"Операторы и аппаратчики оборудования по отбеливанию, окраске и чистке текстиля"
8265,"Операторы, аппаратчики и машинисты оборудования по выделке меха и кожи"
8266,Операторы и машинисты оборудования по изготовлению обуви и другой подобной продукции
8267,Операторы и машинисты оборудования по производству валяльно-войлочной продукции
8269,"Операторы, аппаратчики и машинисты оборудования по производству текстильной, меховой и кожаной продукции, не вошедшие в другие группы"
827,"Операторы, аппаратчики и машинисты оборудования по обработке пищевых и аналогичных продуктов"
8271,"Операторы, аппаратчики и машинисты оборудования по переработке мяса, птицы и рыбы и оборудования в костеперерабатывающем и клеевом производстве"
8272,"Операторы, аппаратчики и машинисты оборудования по производству молочных продуктов и оборудования маслодельного и сыродельного производства"
8273,"Операторы мельниц по размолу зерна и специй, аппаратчики и машинисты оборудования по добыче и производству поваренной соли"
8274,"Операторы, аппаратчики и машинисты оборудования по производству изделий из дробленого зерна, хлебобулочных, макаронных, шоколадных и других кондитерских изделий"
8275,"Операторы, аппаратчики и машинисты оборудования по переработке фруктов, овощей и орехов и производству пищевых концентратов"
8276,Операторы и аппаратчики оборудования по изготовлению и рафинированию сахара
8277,"Операторы и машинисты оборудования по приготовлению и производству чая, кофе, какао и оборудования эфиро-масличного производства"
8278,"Операторы и аппаратчики по производству пива, вина и других напитков, по добыче и переработке солодкового корня"
8279,Операторы и машинисты оборудования по изготовлению табачной и ферментационной продукции
828,Слесари-сборщики
8281,Слесари механосборочных работ
8282,Сборщики электрических машин
8283,Слесари-механики и слесари-сборщики радиоэлектронной аппаратуры и приборов
8284,Сборщики изделий из пластмасс и резины
8285,Сборщики изделий из дерева и подобных материалов
8286,"Сборщики изделий из бумаги, текстиля и подобных материалов"
829,"Операторы, аппаратчики, машинисты и слесари- сборщики стационарного оборудования, не вошедшие в другие группы"
8290,"Операторы, аппаратчики, машинисты и слесари- сборщики стационарного оборудования, не вошедшие в другие группы"
83,Водители и машинисты подвижного оборудования
831,Машинисты локомотивов и рабочие родственных профессий
8311,Машинисты локомотивов
8312,"Тормозные рабочие, стрелочники и сцепщики"
832,Водители мототранспортных средств
8321,"Водители мотоциклов, мотороллеров, мопедов, аэросаней и др."
8322,Водители автомобилей
8323,Водители городского наземного электрического транспорта (трамвая и троллейбуса)
8324,Водители тяжелого грузовика и фургона
833,"Машинисты сельскохозяйственного, землеройного, подъемного и другого подвижного погрузочно- разгрузочного оборудования"
8331,"Машинисты моторизованного оборудования колхозов, совхозов, ферм и лесных хозяйств"
8332,Машинисты землеройных и подобных машин
8333,"Машинисты кранов, подъемников и другого погрузочно-разгрузочного оборудования"
8334,Машинисты автопогрузчиков
834,Члены палубной команды морских и речных судов и рабочие родственных профессий
8340,Члены палубной команды морских и речных судов и рабочие родственных профессий
9,Неквалифицированные рабочие
91,"Неквалифицированные рабочие сферы обслуживания, жилищно-коммунального хозяйства, торговли и родственных видов деятельности"
911,Уличные торговцы
9111,Уличные торговцы продовольственными товарами
9112,Уличные торговцы непродовольственными товарами
9113,"Работники, предлагающие покупателям товары или различные услуги по месту их жительства или по телефону"
912,"Чистильщики обуви и другие неквалифицированные рабочие, оказывающие различные уличные услуги"
9120,"Чистильщики обуви и другие неквалифицированные рабочие, оказывающие различные уличные услуги"
913,"Домашняя прислуга, уборщики квартир и родственные профессии"
9131,Домашняя прислуга и уборщики квартир
9132,"Горничные, кастелянши отелей и гостиниц и родственные профессии"
9133,"Прачки и гладильщицы вручную, оказывающие услуги на дому, в отелях и гостиницах, и родственные профессии"
914,"Рабочие, занятые комплексным обслуживанием и ремонтом зданий, мойщики окон, полотеры"
9141,"Рабочие, занятые комплексным обслуживанием и ремонтом зданий"
9142,Мойщики окон и полотеры
915,"Посыльные, носильщики и рабочие родственных профессий"
9151,Посыльные и носильщики багажа
9152,"Швейцары, охранники стоянок автомашин и родственные профессии"
9153,"Сборщики денег из торговых автоматов и контролеры водопроводного, газового хозяйства и энергонадзора"
916,"Уборщики лестничных площадок, мусоропроводов и дворники"
917,Приемщики заказов в организациях и предприятиях сферы обслуживания
9170,Приемщики заказов в организациях и предприятиях сферы обслуживания
92,"Неквалифицированные рабочие сельского, лесного, охотничьего хозяйств, рыбоводства и рыболовства"
921,"Неквалифицированные рабочие сельского, лесного, охотничьего хозяйств, рыбоводства и рыболовства"
9211,Неквалифицированные рабочие сельского хозяйства
9212,Неквалифицированные рабочие лесного хозяйства
9213,"Неквалифицированные рабочие рыболовства, рыбоводства и охотничьего хозяйств"
93,"Неквалифицированные рабочие, занятые в промышленности, строительстве, на транспорте, в связи, геологии и разведке недр"
931,"Неквалифицированные рабочие, занятые на горных, горно-капитальных, строительно-монтажных и ремонтно-строительных работах"
9311,"Неквалифицированные рабочие, занятые на горных и горно-капитальных работах"
9312,"Неквалифицированные рабочие, занятые на ремонтно- строительных работах"
9313,"Неквалифицированные рабочие, занятые на строительно- монтажных работах"
932,"Неквалифицированные рабочие, занятые в обрабатывающей промышленности"
9321,Неквалифицированные рабочие - сборщики
9322,"Неквалифицированные рабочие, занятые в обрабатывающей промышленности"
933,"Неквалифицированные рабочие, занятые на транспорте и связи"
9331,Водители транспортных средств с ручным и педальным управлением
9332,"Рабочие по управлению транспортными средствами на тягловой силе и другие неквалифицированные рабочие, занятые на транспорте"
9333,Грузчики
9334,"Неквалифицированные рабочие, занятые в связи"
934,"Неквалифицированные рабочие, занятые в геологии и разведке недр"
9340,"Неквалифицированные рабочие, занятые в геологии и разведке недр"
935,"Неквалифицированные рабочие, занятые в отраслях промышленности, не вошедшие в другие группы"
9350,"Неквалифицированные рабочие, занятые в отраслях промышленности, не вошедшие в другие группы"
94,"Неквалифицированные рабочие, общие для всех отраслей экономики"
941,"Неквалифицированные рабочие, общие для всех отраслей экономики"
9411,"Сторожа (вахтеры), гардеробщики, лифтеры"
9412,"Кладовщики, маркировщики, комплектовщики товаров, укладчики-упаковщики"
9413,"Грузчики, подсобные рабочие"
9414,Уборщики служебных и производственных помещений и территорий
9415,"Курьеры и другие профессии неквалифицированных рабочих, не вошедшие в другие группы"
